PEPTIDE,FLAG
AATNAACAWLEAQEEE,POSITIVE
ETLAHAAVDLSGRPYC,POSITIVE
ATHACVPTDPNPQEVV,POSITIVE
VPTDPNPQEVVLVNVT,POSITIVE
GYVGAEFPLDITAGTE,POSITIVE
NATAEGRAINRRVEAE,POSITIVE
TAIAVAEGTDRVIEVV,POSITIVE
AETIFDVTTLNPTIAG,POSITIVE
KYGWTAFCGPVGAHGQ,POSITIVE
RGPGRAFVTIGKIGNM,POSITIVE
EGAGDGEPPEDDDSAT,POSITIVE
GPQGLAGQRGIVGLPG,POSITIVE
AHCNISRAKWNNTLKQ,POSITIVE
VHQAISPRTLNAWVKV,POSITIVE
ATHAKSSPYQKKTENP,POSITIVE
ETSAKTRQGVEDAFYT,POSITIVE
GAAQEALEAYAAAERS,POSITIVE
SALPDYASQPGKPPRE,POSITIVE
QEVGKAMYAPPISGQI,POSITIVE
NDVDNSNPVVQAEQLN,POSITIVE
IHYCAPAGFAILKCNN,POSITIVE
QAGVLFAPGKAANAGG,POSITIVE
QLPPTAPPLLPHSNLD,POSITIVE
PTAPPLLPHSNLDHIL,POSITIVE
PEAPAPQPPAGRELSA,POSITIVE
EAQEEEEVGFPVTPQV,POSITIVE
LSGDFIARGLTAPALP,POSITIVE
GLPGARGLTGRPGDAG,POSITIVE
LPGARGLTGRPGDAGP,POSITIVE
GTARTPPTDPKTHPHG,POSITIVE
FELKNEASDLMYHLLV,POSITIVE
ENAASIAGMFLTTECV,POSITIVE
LGASPYPNLSNQQTRE,POSITIVE
RATIRRGDAPAGGAVP,POSITIVE
SEGATPQDLNTMLNTV,POSITIVE
HSSCNATQRRQIEAGL,POSITIVE
ARILAVERYLKDQQLL,POSITIVE
AVLAYNDAYVMSAWGK,POSITIVE
KEGAVMVQKVKEGKDD,POSITIVE
YNFAVNELSKSSFNQA,POSITIVE
TAVNGNMALDDIHAQI,POSITIVE
TAGVKAVNPNAQIDVQ,POSITIVE
LNAWGCAFRQVCHTTV,POSITIVE
FEMARTAWGDKIDIMI,POSITIVE
KADCDRPPKHSQNGMG,POSITIVE
IPINYNASKEWADKKV,POSITIVE
HHLDKSIKEDVQFADS,POSITIVE
FLVGCHPSDGKCNLYA,POSITIVE
QMCITQYQRESQAYYQ,POSITIVE
ACKGKIQALCENPEWA,POSITIVE
GCQPLGAYPDPEIEYR,POSITIVE
LGIWGCSGKLICTTAV,POSITIVE
AFYWWLCSTWSAKAGC,POSITIVE
VTCGVGVRVRRRVNAA,POSITIVE
PSCCCTKPTDGNCTCI,POSITIVE
KPTDGNCTCIPIPSSW,POSITIVE
LICTTAVPWNASWSNK,POSITIVE
KLSPLCITMRCNKSET,POSITIVE
PCVKLTPLCVSLKCTD,POSITIVE
QCWRKDPEERPTFKYL,POSITIVE
YKKVWRDHRGTIIERG,POSITIVE
MEECSQHLPYIEQGMM,POSITIVE
GNCEDIPHVNEFSAID,POSITIVE
GDRADGQPAGDRADGQ,POSITIVE
DGVGAASRDLEKHGAI,POSITIVE
AEIDTTDHFADVMPED,POSITIVE
DTQYDIGFTESTLLDG,POSITIVE
PTSILDIRQGPKEPFR,POSITIVE
NQDPDKILTYIAADHC,POSITIVE
VEEANKGENTSLLHPV,POSITIVE
PPVSDLKYSWKTWGKA,POSITIVE
TPQDLNTMLNTVGGHQ,POSITIVE
DLPSRTVDTKQAQELA,POSITIVE
ADNATAEGRAINRRVE,POSITIVE
MTVDNPASTTNKDKLF,POSITIVE
VVIQDNSDIKVVPRRK,POSITIVE
DNTRTSGDNAPVSCLG,POSITIVE
NGPDYIDPAFHAAAAG,POSITIVE
IINQDPDKILTYIAAD,POSITIVE
GDPIPEELYKMLSGHS,POSITIVE
PTDPKTHPHGPADAPP,POSITIVE
QTLQDPRVRGLYFPAG,POSITIVE
RPEGIEEEGGERDRDR,POSITIVE
PGFGDRRKAMLQDMAI,POSITIVE
AEWDRVHPVHAGPIAP,POSITIVE
VLADSESGGHITHSGM,POSITIVE
AADTGHSSQVSQNYPI,POSITIVE
TPTAADTPTATESISP,POSITIVE
LSLAGLDVYAAMPVRI,POSITIVE
HFGSDYEDRYYRENMH,POSITIVE
INEEAAEWDRVHPVHA,POSITIVE
EEAAEWDRVHPVHAGP,POSITIVE
AARCIDGAFTPKNRTA,POSITIVE
KEGTKEADDRAENTQF,POSITIVE
EYTEDEVVSSDFVGST,POSITIVE
DIHQYREQIKRVKDSD,POSITIVE
RLIEDNEYTARQGAKF,POSITIVE
DSGSNGKKITCECTKP,POSITIVE
AEDYITLISDPYGFSP,POSITIVE
EEDEIDGPAGQAEPDR,POSITIVE
ESEEEDDDMGFGLFDX,POSITIVE
NAEENVEHDAEENVEH,POSITIVE
VEEVIDTMKSMQRDED,POSITIVE
FSALSEGATPQDLNTM,POSITIVE
VQEGVQQEGAQQPAPA,POSITIVE
PQPMEHKYSWKSWGKA,POSITIVE
IPVGEIYKRWIILGLN,POSITIVE
ELDRWEKIRLRPGGKK,POSITIVE
YPVEKPNLSSKRSELS,POSITIVE
QELDCWHYHQYCVTST,POSITIVE
QELDCWHYQHYCVTST,POSITIVE
DGQEYVVEFDFLGKDS,POSITIVE
EQELLELDKWASLWNW,POSITIVE
EQELLELDKWASLWNW,POSITIVE
EQELLELDKWASLWNW,POSITIVE
LSGGELDRWEKIRLRP,POSITIVE
QELGCNQNQFFCKIPL,POSITIVE
NNLIVELIRGTGSYNR,POSITIVE
PQPTELKYSWKTWGKA,POSITIVE
RNVDENANANNAVKNN,POSITIVE
NVTENFDMWKNDMVEQ,POSITIVE
NVTENFDMWKNDMVEQ,POSITIVE
MENITSGFLGPLLVLQ,POSITIVE
EPAKNHLEFSSAETVL,POSITIVE
VSFEPIPIHYCAPAGF,POSITIVE
IPIHYCAPAGFAILKC,POSITIVE
AEKEQLRRRREQLKHK,POSITIVE
MHEDIISLWDQSLKPC,POSITIVE
MTEQQWNFAGIEAAAS,POSITIVE
CSAKDEERDRDSGGVS,POSITIVE
NVLERQRRNELKLRFF,POSITIVE
MLKETINEEAAEWDRV,POSITIVE
KETINEEAAEWDRVHP,POSITIVE
TEEVCVRQLKAIANKI,POSITIVE
MWQEVGKAMYAPPISG,POSITIVE
QEVGKAMYAPPISGQI,POSITIVE
TEVHNVWATHACVPTD,POSITIVE
TIGDIEEPPILEVVPE,POSITIVE
NPQEVVLVNVTENFNM,POSITIVE
VQKEYAFFYKLDIIPI,POSITIVE
AFFYKLDIIPIDNDTT,POSITIVE
DDLKKAEYMLDKIGEE,POSITIVE
TLHEYMLDLQPETTDL,POSITIVE
EEFEGAGDGEPPEDDD,POSITIVE
TEEFKRKNKGKNLASS,POSITIVE
SVFHQNGQVTEVTTAT,POSITIVE
ADIKFKDGQYYLDVKG,POSITIVE
GETQINSDLTGYGQWE,POSITIVE
FLDGIDKAQDEHEKYH,POSITIVE
TFLRTEGARLRMKTLL,POSITIVE
TESILEFNMWYRMREE,POSITIVE
NVTENFNMWKNDMVEQ,POSITIVE
VTENFNMWKNDMVEQM,POSITIVE
LLEFPTFPDGHDYKFD,POSITIVE
SSSSQFQIHGPRQWSK,POSITIVE
KEPFRDYVDRFYKTLR,POSITIVE
KFSADLDQFPLGRKFL,POSITIVE
NTSGFANKTQDVLLVA,POSITIVE
FCFWRGDLVFDFQVFP,POSITIVE
DGVGAASRDLEKHGAI,POSITIVE
ASRDLEKHGAITSSNT,POSITIVE
LVVVGAGGVGKSALTI,POSITIVE
KEGAIIFQQVMSRSAN,POSITIVE
LSEGATPQDLNTMLNT,POSITIVE
LVVVGAVGVGKSALTI,POSITIVE
GIWGCSGKLICTTAVP,POSITIVE
AKKKKDGKKAEPKNPR,POSITIVE
RGDAPAGGAVPGGAVP,POSITIVE
LVGPGCAEYAAANPTG,POSITIVE
DRADGQPAGDRADGQP,POSITIVE
GGEFFYCNSTQLFNST,POSITIVE
GGELDRWEKIRLRPGG,POSITIVE
HPPGERTRGRQPGDYD,POSITIVE
APAGFAILKCNNKTFN,POSITIVE
DMMDIGFGAMDFAALQ,POSITIVE
AGGAVPGGAVPGGAVP,POSITIVE
PGGAVPGGFGPGGFGP,POSITIVE
IFRPGGGDMRDNWRSE,POSITIVE
DMRDNWRSELYKYKVV,POSITIVE
LMGIGSGGFGPVFESG,POSITIVE
AVPGGFGPGGFGPVLD,POSITIVE
PGGFGPGGFGPVLDGW,POSITIVE
FGPGGFGPVLDGWYGV,POSITIVE
PGGFGPVLDGWYGVDV,POSITIVE
RPGGGDMRDNWRSELY,POSITIVE
GDMRDNWRSELYKYKV,POSITIVE
FVGRVGGVATYRNSNF,POSITIVE
GVGGPGHKARVLAEAM,POSITIVE
EGIEEEGGERDRDRSI,POSITIVE
GIEEEGGERDRDRSIR,POSITIVE
KQLQARILAVERYLKD,POSITIVE
DYIVPGIPDGWPDTTI,POSITIVE
DGIRKFAADAVKLERM,POSITIVE
SGISTNTSGSRSFLPT,POSITIVE
VFCGIVAHQRGNQGDL,POSITIVE
QQLLGIWGCSGKLICT,POSITIVE
QLLGIWGCSGKLICTT,POSITIVE
GIWGCSGKLICTTAVP,POSITIVE
QEVGKAMYAPPISGQI,POSITIVE
NGMGKDDHYLLEFPTF,POSITIVE
PKLVKEGKIPKLIISD,POSITIVE
GKPALELIRMVECSGK,POSITIVE
FHKEKMILNEEEITTK,POSITIVE
NAEKYDKMDEPQHYGK,POSITIVE
GPAKLLWKGEGAVVIQ,POSITIVE
QVTPGRGPGRAPCSAG,POSITIVE
IRIQRGPGRAFVTIGK,POSITIVE
RIQRGPGRAFVTIGKI,POSITIVE
KRIHIGPGRAFYTTKN,POSITIVE
LDIRQGPKEPFRDYVD,POSITIVE
NKGTGQHGHMHGSRNN,POSITIVE
GQLQPSLQTGSEELRS,POSITIVE
DGGQPAVRNERATGSG,POSITIVE
RIQRGPGRAFVTIGKI,POSITIVE
RGPGRAFVTIGKIGNM,POSITIVE
GRTKRYALVIDHGKIT,POSITIVE
PGRVSTEVDARLSFDK,POSITIVE
PIIHFGSDYEDRYYRE,POSITIVE
WCGSTDEYCSPDHNCQ,POSITIVE
GGTTYIRAIAALEGLK,POSITIVE
AGTVGENVPDDLYIKG,POSITIVE
AGTVGENVPDDLYIKG,POSITIVE
GTQGVGSPQILVESPT,POSITIVE
VYYGVPVWKEATTTLF,POSITIVE
IVGYSNAQGVDYWIVR,POSITIVE
VHAGPIAPGQMREPRG,POSITIVE
VEQMHEDIISLWDQSL,POSITIVE
HHGVYNQGRGIDSGER,POSITIVE
MDDPEREVLEWRFDSR,POSITIVE
HPHGPADAPPGSPAPP,POSITIVE
HHPVDLADWELTESPE,POSITIVE
FHHVARELHPEYFKNC,POSITIVE
KRKRIHIGPGRAFYTT,POSITIVE
KRKRIHIGPGRAFYTT,POSITIVE
RKRIHIGPGRAFYTTK,POSITIVE
ALAQYHKARVLLIDFD,POSITIVE
REEESHKYSWKQKYYK,POSITIVE
THLPIPRGPDRPEGIE,POSITIVE
NVFHNKTFELPRARVN,POSITIVE
DRVHPVHAGPIAPGQM,POSITIVE
TLDLIFHRGFTVNLRM,POSITIVE
DHAESSWVNRGESSRK,POSITIVE
GVVPNISKAMAKKKGG,POSITIVE
PPLLPHSNLDHILEPS,POSITIVE
NSHCHTHADGEVHCXX,POSITIVE
WINFFDFHWRLGIDGL,POSITIVE
YQELDCWHYQHYCVTS,POSITIVE
GIAAKLGAAASSPDAH,POSITIVE
RNGIYIIDLLQSLSYI,POSITIVE
DLCNEIIEEELADADD,POSITIVE
RPEGIEEEGGERDRDR,POSITIVE
VVKIEPLGVAPTKAKR,POSITIVE
ERLIGHPLPLRLDAIT,POSITIVE
AFVTIGKIGNMRQAHC,POSITIVE
TRKSIYIGPGRAFHTT,POSITIVE
KRIHIGPGRAFYTTKN,POSITIVE
IHIGPGRAFYTTKNII,POSITIVE
NKRKRIHIGPGRAFYT,POSITIVE
SIHIGPGRAFYATGDI,POSITIVE
RKRIHIGPGRAFYTTK,POSITIVE
VNQIIEQLIKKEKVYL,POSITIVE
QIINMWQKVGKAMYAP,POSITIVE
PDREVLYREFDEMEEC,POSITIVE
LAVERYLKDQQLLGIW,POSITIVE
KADGDILEGKELEFYM,POSITIVE
LETILGWPLAERTVVI,POSITIVE
TILKALGPAATLEEMM,POSITIVE
NQSVEINCTRPNNNTR,POSITIVE
GTIINQDPDKILTYIA,POSITIVE
KSIRIQRGPGRAFVTI,POSITIVE
KSIRIQRGPGRAFVTI,POSITIVE
SIRIQRGPGRAFVTIG,POSITIVE
QRHYTDEDPEKEKRIK,POSITIVE
KSIRIQRGPGRAFVTI,POSITIVE
SIRIQRGPGRAFVTIG,POSITIVE
GPIRPTLPPGILGPLA,POSITIVE
QGPKEPFRDYVDRFYK,POSITIVE
TGIVGDIRRAYCTINE,POSITIVE
TSIRGKVQKEYAFFYK,POSITIVE
GTGNDITTATGYDTAD,POSITIVE
LGIWGCSGKLICTTAV,POSITIVE
FILIYDKKISVLKEML,POSITIVE
NTRKSIYIGPGRAFHT,POSITIVE
PRRKAKIIRDYGKQMA,POSITIVE
LKAKPKFTLGKRKATP,POSITIVE
MYAPPISGQIRCSSNI,POSITIVE
AKATYEAALKQYEADL,POSITIVE
DKCQLKGEAMHGQVDC,POSITIVE
VRLLWKDPRNVGWKDK,POSITIVE
KELQKQITKIQNFRVY,POSITIVE
QAIQAIKEVTASLVGA,POSITIVE
KVQKEYAFFYKLDIIP,POSITIVE
KKKGGKKGKATPSAXX,POSITIVE
FITKGLGISYGRKKRR,POSITIVE
RKGLRRDLDASREAKK,POSITIVE
TELTTKGRVPYPGMVN,POSITIVE
FSGKGSCKNVSTVQCT,POSITIVE
QLKHKLEQLRNSCAXX,POSITIVE
FKHTHDKTALKETLGA,POSITIVE
QDPDKILTYIAADHCP,POSITIVE
YVWKISEFYGRKPEGT,POSITIVE
KSKKKAQQAAADTGHS,POSITIVE
FAIKKKDSTKWRKLVD,POSITIVE
TDLSFKKGERLQIVNN,POSITIVE
NTKKGIAIGPGRTLYA,POSITIVE
EAQVMKKLRHEKLVQL,POSITIVE
NKLDDTENASAYAANA,POSITIVE
MSTYVDYIINQIDSDN,POSITIVE
RKPKHKKLKQPGDGNP,POSITIVE
EKPNLSSKRSELSQLS,POSITIVE
AWKPNYAPANCPKSXX,POSITIVE
KPQEEKEKITKEILNG,POSITIVE
LRMDGEKRIHIVSPHV,POSITIVE
NYNKRKRIHIGPGRAF,POSITIVE
KRKRIHIGPGRAFYTT,POSITIVE
RKRIHIGPGRAFYTTK,POSITIVE
RKRIHIGPGRAFYTTK,POSITIVE
KSIRIQRGPGRAFVTI,POSITIVE
KSITIGPGRAFYATGD,POSITIVE
SHLDILKSITKQTYYE,POSITIVE
NNNTRKSITKGPGRVI,POSITIVE
NNNTRKSITKGPGRVI,POSITIVE
TESFGYKTGKYTLKKL,POSITIVE
TLRAEQASQEVKNWMT,POSITIVE
EGLKYLGFVQDAATYA,POSITIVE
MKYLRGAKSQYGGIKD,POSITIVE
HKARVLAEAMSQVTNT,POSITIVE
GSLAEEEVVIRSANFT,POSITIVE
GPQGLAGQRGIVGLPG,POSITIVE
NLAPMSDGAVQPDGGQ,POSITIVE
VGGDLDPSSIPDKEQA,POSITIVE
EMMTACQGVGGPGHKA,POSITIVE
SKDDALETDELVLHVD,POSITIVE
LLETSEGCRQILGQLQ,POSITIVE
CASDAKAYDTEVHNVW,POSITIVE
FIMIVGGLVGLRIVFA,POSITIVE
GQLFVKVAPNLTNEYD,POSITIVE
QLLGIWGCSGKLICTT,POSITIVE
LKALGPAATLEEMMTA,POSITIVE
ALAGSLGVAPTANIDP,POSITIVE
VSLIEESAIINAGAPE,POSITIVE
NLIGCIERTHVFCHTG,POSITIVE
KETINEEAAEWDRVHP,POSITIVE
EVSALKTAAESAILEG,POSITIVE
ELLELDKWASLWNWFN,POSITIVE
KDQQLLGIWGCSGKLI,POSITIVE
LLTRDGGNSNNESEIF,POSITIVE
HLKSEMEQRLRERDEE,POSITIVE
EFGGDTAYSDDFFVGR,POSITIVE
EEMSLPGRWKPKMIGG,POSITIVE
TAPPLLPHSNLDHILE,POSITIVE
DYQGMLPVCPLIPGSS,POSITIVE
LQARILAVERYLKDQQ,POSITIVE
SGPLQPGVDIIEGPVK,POSITIVE
DEGVTLRFGSKVPGTA,POSITIVE
RRDLDASREAKKQVEK,POSITIVE
TLSEIKGVIVHRLEGV,POSITIVE
GKPAIIPDREVLYREF,POSITIVE
VIPLTEEAELELAENR,POSITIVE
PLCVSLKCTDLKNDTN,POSITIVE
LLTRILTIPQSLDSWW,POSITIVE
LLTVGHPYYQVTVGDK,POSITIVE
LLVLLDYQGMLPVCPL,POSITIVE
LPTLVVNRLRGSLKIC,POSITIVE
IISLWDQSLKPCVKLT,POSITIVE
LMAFAHNPPAGPLPGA,POSITIVE
HHMARELHPEYYKDCX,POSITIVE
WRAMASDFNLPPVVAK,POSITIVE
TPRSAKKAARKSGSKS,POSITIVE
AMKPYEVTPTRMLVCG,POSITIVE
GMPGERGAAGIAGPKG,POSITIVE
VEGMQFDRGYISPYFV,POSITIVE
KMQTLWDEIMDINKRK,POSITIVE
KMQTLWDEIMDINKRK,POSITIVE
LEEMSLPGRWKPKMIG,POSITIVE
TEYKLVVVGAGGVGKS,POSITIVE
TEYKLVVVGARGVGKS,POSITIVE
TEYKLVVVGASGVGKS,POSITIVE
EYKLVVVGAVGVGKSA,POSITIVE
KDCHLLGTFDLSGIPP,POSITIVE
AANAGKEGAIIFQQVM,POSITIVE
AKATYEAALKQYEADL,POSITIVE
DPNANPNANPNANPNA,POSITIVE
NANPNANPNANPNANP,POSITIVE
NPNANPNANPNANPNA,POSITIVE
DNATAEGRAINRRVEA,POSITIVE
ISPRTLNAWVKVVEEK,POSITIVE
DKCKNDGWAGYWRGSN,POSITIVE
YDGFLENAHEHHGVYN,POSITIVE
NEQELLELDKWASLWN,POSITIVE
EREDERTLTKEYEDIV,POSITIVE
VNEYGVEGGRVNAVGY,POSITIVE
NVTENFDMWKNDMVEQ,POSITIVE
NVTENFNMWKNDMVEQ,POSITIVE
QRGNFRNQRKIVKCFN,POSITIVE
SLAEEEVVIRSVNFTD,POSITIVE
IINMWQEVGKAMYAPP,POSITIVE
NMWQEVGKAMYAPPIS,POSITIVE
PELENNEKAPKVVILK,POSITIVE
LFGNNENQTKVSNGAF,POSITIVE
RDGGNNNNGSEIFRPG,POSITIVE
NNNTRKRIRIQRGPGR,POSITIVE
RPNNNTRKSIRIQRGP,POSITIVE
KFLNPDREYDFRDLTW,POSITIVE
MTNNPPIPVGEIYKRW,POSITIVE
QRGNQGDLRLCSHXXX,POSITIVE
PGVHIQVFEGERAMTK,POSITIVE
LSNQQTREFVEKGGRL,POSITIVE
VNREVLDQVERGYRMP,POSITIVE
GESSRKAYDHNSPYIW,POSITIVE
MDLNRGIDKSVKSVVT,POSITIVE
SGCFRHLDEREECKCL,POSITIVE
NNTRKSIHIGPGRAFY,POSITIVE
RKSIRIQRGPGRAFVT,POSITIVE
SLLHPVSLHGMDDPER,POSITIVE
NANPNVDPNANPNVDP,POSITIVE
WANLWNWFDITQWLWY,POSITIVE
NKRKRIHIGPGRAFYT,POSITIVE
HITVNYQFVDCGDSFN,POSITIVE
TQPPPAGTGDRLLNLV,POSITIVE
PALDKLKLTGDEATGA,POSITIVE
LSDPDARFSKSIGWAD,POSITIVE
QPDGGQPAVRNERATG,POSITIVE
INQDPDKILTYIAADH,POSITIVE
MATRPPDRPEGPHTSR,POSITIVE
IPRGPDRPEGIEEEGG,POSITIVE
RPEDDWASDYDLVQAI,POSITIVE
GGPEEFEGAGDGEPPE,POSITIVE
PPPEHRGGPEEFEGAG,POSITIVE
QLVPEVQKPLHEQLWY,POSITIVE
TPFHKDQTFTEYRKMH,POSITIVE
FHKDQTFTEYRKMHGG,POSITIVE
WQFNSPFVPRADEPAR,POSITIVE
PFVPRADEPARKGKVH,POSITIVE
SLLVPFVQWFVGLSPT,POSITIVE
APGFGDRRKAMLEDIA,POSITIVE
GGPTLVSLHELPAETP,POSITIVE
HKWKEVRHDNKVTWLV,POSITIVE
SPQFTPGPQPPQQQRY,POSITIVE
RGPGRAFVTIGKIGNM,POSITIVE
RIHIGPGRAFYTTKNI,POSITIVE
SFEPIPIHYCAPAGFA,POSITIVE
VQNIQGQMVHQAISPR,POSITIVE
RPNPLPKPAKSPPASN,POSITIVE
QLPPLERLTLDCNEDC,POSITIVE
TEVIPLTEEAELELAE,POSITIVE
GHNMPNDPNRNVDENA,POSITIVE
CTRPNNNTRKSIRIQR,POSITIVE
DPNPQEVVLVNVTENF,POSITIVE
PAPPPPEHRGGPEEFE,POSITIVE
PPVDHGCLPEESASPA,POSITIVE
DPNPQEVVLVNVTENF,POSITIVE
VPQWGGGGNHNGGGNS,POSITIVE
CRAPRKKGCWKCGKEG,POSITIVE
SPPVDHGCLPEESASP,POSITIVE
PDNSEPSTPADSVNDY,POSITIVE
PLGVAPTKAKRRVVQR,POSITIVE
NAAFSKLPASTIDELK,POSITIVE
QPTSQPRGDPTGPKEX,POSITIVE
WAVPTTRTDDKLRMET,POSITIVE
HHDPQPVGREKFTIRP,POSITIVE
EPVPLQLPPLERLTLD,POSITIVE
LTSPVVAESPKKPXXX,POSITIVE
ENPVVHFFKNIVTPRT,POSITIVE
PWNASWSNKSLEQIWN,POSITIVE
WDANKPYSWRSKYGWT,POSITIVE
ANKPYSWRSKYGWTAF,POSITIVE
YLKDQQLLGIWGCSGK,POSITIVE
YLKDQQLLGIWGCSGK,POSITIVE
QKQREEQAEPDGTEEA,POSITIVE
EQASQEVKNWMTETLL,POSITIVE
LSASEQASTSSSFSVV,POSITIVE
LQDPRVRGLYFPAGGS,POSITIVE
EEEVGFPVTPQVPLRP,POSITIVE
MQELGCNQNQFFCKVP,POSITIVE
LQERLAKLAGGVAVLY,POSITIVE
VDQGPGAPQGPGAPQG,POSITIVE
RQGPKEPFRDYVDRFY,POSITIVE
QGYFPDWQNYTPGPGV,POSITIVE
AQIFNKPYWLQRAQGH,POSITIVE
GKVQKEYAFFYKLDII,POSITIVE
ADFQKIEHVAKISANG,POSITIVE
HMLLNSQLLGTPGSSQ,POSITIVE
QLLSGIVQQQNNLLRA,POSITIVE
GAVQPDGGQPAVRNER,POSITIVE
TLDQPLNLSLAAWPVR,POSITIVE
TQMSAQEDLGDDTGIH,POSITIVE
NQQEKNEQELLELDKW,POSITIVE
NPIQQMSINVDNQFNY,POSITIVE
KSIRIQRGPGRAFVTI,POSITIVE
KSIRIQRGPGRAFVTI,POSITIVE
KSIRIQRGPGRAFVTI,POSITIVE
KSIRIQRGPGRAFVTI,POSITIVE
KSIRIQRGPGRAFVTI,POSITIVE
SIRIQRGPGRAFVTIG,POSITIVE
LCVQSTHVDIRTLEDL,POSITIVE
IASYRRAAIRASLIPT,POSITIVE
VNWIKSVRAFTELPMP,POSITIVE
RAISSWKQRNRWEWRP,POSITIVE
NRALGLPPFLNSLPQS,POSITIVE
MESRDLLKKGVDALPN,POSITIVE
RDNWRSELYKYKVVKI,POSITIVE
RVYYRDSRNPLWKGPA,POSITIVE
EYTAREGAKFPIKWTA,POSITIVE
VREIRQYRLKKISKEE,POSITIVE
SIRIQRGPGRAFVTIG,POSITIVE
GARGAQGPPGATGFPG,POSITIVE
QVTPGRGPGRAPCSAG,POSITIVE
IRIQRGPGRAFVTIGK,POSITIVE
RIQRGPGRAFVTIGKI,POSITIVE
QRGPGRAFVTIGKIGN,POSITIVE
GTRGTARTPPTDPKTH,POSITIVE
TFTRHRQPRGWEQLEQ,POSITIVE
DRHSTSSSEQEREGGR,POSITIVE
ANFKIEPPGLFRGRGN,POSITIVE
NYNKRKRIHIGPGRAF,POSITIVE
RKRIHIGPGRAFYTTK,POSITIVE
KRIHIGPGRAFYTTKN,POSITIVE
LQARILAVERYLKDQQ,POSITIVE
KSIRIQRGPGRAFVTI,POSITIVE
RIQRGPGRAFVTIGKI,POSITIVE
RIRIQRGPGRAFVTIG,POSITIVE
MCQCWRKDPEERPTFE,POSITIVE
RKIEIVRKKPIFKKAT,POSITIVE
NYNKRKRIHIGPGRAF,POSITIVE
KRKRIHIGPGRAFYTT,POSITIVE
KSIHIGPGRAFYTTGE,POSITIVE
LARLLIRKSIRHLREL,POSITIVE
NNTRKSIRIQRGPGRA,POSITIVE
TRKSIRIQRGPGRAFV,POSITIVE
TRKSIRIQRGPGRAFV,POSITIVE
IQKTRKRKYFHHNQLD,POSITIVE
WPCAPGRKYFGRGPIQ,POSITIVE
IMVANVLRLFAIPQIS,POSITIVE
DFGLARLIEDNEYTAR,POSITIVE
RLIEDNEYTARQGAKF,POSITIVE
LKKISKEEKTPGCVKI,POSITIVE
LNKIVRMYSPTSILDI,POSITIVE
HGIRPVVSTQLLLNGS,POSITIVE
VVSTQLLLNGSLAEEE,POSITIVE
RQANFLGKIWPSYKGR,POSITIVE
FGKITRRESERLLLNP,POSITIVE
KVVPRRKAKIIRDYGK,POSITIVE
VVPRRKAKIIRDYGKQ,POSITIVE
RKVEQEGYPQESSKAG,POSITIVE
GTRQARRNRRRRWRER,POSITIVE
PTKAKRRVVQREKRAV,POSITIVE
TKAKRRVVQREKRAVG,POSITIVE
REVRRYTARLKEGDVF,POSITIVE
IRSANFTDNAKTIIVQ,POSITIVE
SLCLFSYHRLRDLLLI,POSITIVE
SPRTLDSEENDKRRTH,POSITIVE
DPEDSALLEDPVGTVA,POSITIVE
TISANNDAEIGNLIAE,POSITIVE
ALSAPLKQIAANAGKE,POSITIVE
WDLNAASAYCSTWDAN,POSITIVE
QSEGATNFGDIGVQQD,POSITIVE
SEGATPQDLNTMLNTV,POSITIVE
TSENHGNYSAQVGASQ,POSITIVE
TQSSSETQKSQNYQQI,POSITIVE
AGRSGDSDEELIRTVR,POSITIVE
GAGPAGGASSGPKVEE,POSITIVE
KISGIKDFLPVLQQVA,POSITIVE
CSGKLICTTAVPWNAS,POSITIVE
VCPGSHRPREAKSCGG,POSITIVE
TTRSIHIGPGRAFYAT,POSITIVE
NSLWGSILDIRSAHSA,POSITIVE
TRKSITKGPGRVIYAT,POSITIVE
KAFSNCYPYDVPDYAS,POSITIVE
MVDSKDVKIEVYLTTK,POSITIVE
LGSLSVAEPAMIAECK,POSITIVE
IEESQNQQEKNEQELL,POSITIVE
TASLMVALDSNNTMPF,POSITIVE
TSLNFLGGTTVCLGQN,POSITIVE
SLWNWFNITNWLWYIK,POSITIVE
ESKYSNTFINNAYNMS,POSITIVE
PGSPAPPPPEHRGGPE,POSITIVE
ASPGSSPHQVYNITWE,POSITIVE
NFSPLLGCIGSTCAED,POSITIVE
HLPYIEQGMMLAEQFK,POSITIVE
NNLCCSQWGWCGSTDE,POSITIVE
DASREAKKQVEKALEE,POSITIVE
KAYDHNSPYIWPRNDY,POSITIVE
FLKIDSTPSTPCLISV,POSITIVE
SFNISTSIRGKVQKEY,POSITIVE
SFNISTSIRGKVQKEY,POSITIVE
SIRGKVQKEYAFFYKL,POSITIVE
STTVADNTRTSGDNAP,POSITIVE
SVEINCTRPNNNTRKS,POSITIVE
RSVFHQNGQVTEVTTA,POSITIVE
QGMSQDPVAVAASNNP,POSITIVE
LNSWGCAFRQVCHTTV,POSITIVE
PTAWKPNYAPANCPKS,POSITIVE
GTDAYNQKLSERRANA,POSITIVE
KLWVTVYYGVPVWKEA,POSITIVE
DETTGIEIVKRAIEEP,POSITIVE
VPIDPAVPDSSIVPLL,POSITIVE
PSNCHTHEGGQLHCTX,POSITIVE
PKTHPHGPADAPPGSP,POSITIVE
KTIVMGASFRNTGEIK,POSITIVE
AYYTKDTNNNLTLVPA,POSITIVE
SCCCTKPSDGNCTCIP,POSITIVE
KPTDGNCTCIPIPSSW,POSITIVE
RPTLPPGILGPLAPNT,POSITIVE
KTLRAEQASQEVKNWM,POSITIVE
EMSHTLTPENTLDISS,POSITIVE
ASTLWYAESNALSKRL,POSITIVE
PEPASGKMWIAGDGGN,POSITIVE
HSTPSTPADSSAHSTP,POSITIVE
LCVSLKCTDLGNATNT,POSITIVE
LCVSLKCTDLKNDTNT,POSITIVE
TVATATPSTPAAPPFT,POSITIVE
TPTAWKPNYAPANCPK,POSITIVE
RPVVSTQLLLNGSLAE,POSITIVE
RPVVSTQLLLNGSLAE,POSITIVE
RAQKLFAMWRITYKDT,POSITIVE
TRKSITKGPGRVIYAT,POSITIVE
ATRNSSKPAKRKKIKA,POSITIVE
SEDRETRPHGRNNENR,POSITIVE
KRSLKATSTVAAPPKG,POSITIVE
VQKITTESIVIWGKTP,POSITIVE
WTTMWGIYKNCSGCEN,POSITIVE
GWPTVRERMRRAEPAA,POSITIVE
KATYEAALKQYEADLA,POSITIVE
ATYEAALKQYEADLAA,POSITIVE
HHVARELHPEYFKNCX,POSITIVE
ITYVATATLPNYCRAG,POSITIVE
LGGTTVCLGQNSQSPT,POSITIVE
FTPVCSARHVPEYIEK,POSITIVE
VDEYDPTIEDSYRKQV,POSITIVE
ETFYVDGAANRETKLG,POSITIVE
XMEPVDPNLEPWKHPG,POSITIVE
VVEEARNYTPTPPPVS,POSITIVE
LVPVEPDKVEEANKGE,POSITIVE
NDMVEQMHEDIISLWD,POSITIVE
QMHEDIISLWDQSLKP,POSITIVE
LAVERYLKDQQLLGIW,POSITIVE
GVVESMNKELKKIIGQ,POSITIVE
AVFMQQRPLRMFLGPK,POSITIVE
SDVVFSYIPWSEDKGE,POSITIVE
GVGAASRDLEKHGAIT,POSITIVE
SSVVGWPTVRERMRRA,POSITIVE
MVHQAISPRTLNAWVK,POSITIVE
TTGVIDPAKVTRVALE,POSITIVE
EEVVIRSVNFTDNAKT,POSITIVE
PARVIYTYPNKVFCGI,POSITIVE
AQMVKEVASKTNDVAG,POSITIVE
IEPLGVAPTKAKRRVV,POSITIVE
SQEVKNWMTETLLVQN,POSITIVE
YREFDEMEECSQHLPY,POSITIVE
WVPAHKGIGGNEQVDK,POSITIVE
LVPVLSAKAAQASDLE,POSITIVE
VWKEATTTLFCASDAK,POSITIVE
VSDEEVQEALDELAKQ,POSITIVE
EIRQHKLRKLNPPDES,POSITIVE
IVRNSWDTNWGDNGYG,POSITIVE
RRVNAANKKPEDLTLN,POSITIVE
HESYQELVKKLEALED,POSITIVE
VKVTLGPKGRHVVIDK,POSITIVE
KAKRRVVQREKRAVGI,POSITIVE
RKDPVVYPWMKKVHVN,POSITIVE
GGVYLLPRRGPRLGVR,POSITIVE
RKDPVVYPWMKKVHVN,POSITIVE
LLRVYVPRSSLPGFYR,POSITIVE
SAYCSTWDANKPYSWR,POSITIVE
RNRWEWRPDFESEKVK,POSITIVE
RNRWEWRPDFESEKVK,POSITIVE
EWRPDFESEKVKVSLQ,POSITIVE
LFNSTWFNSTWSTKGS,POSITIVE
EEKRASHTTPVLMEKP,POSITIVE
NLLWLTEKEGSYPKLK,POSITIVE
FWSWNPDSGDTGGILK,POSITIVE
SQCWRRDPEERPTFEY,POSITIVE
ISTEWSPCSVTCGNGI,POSITIVE
TWSTKGSNNTEGSDTI,POSITIVE
EEERYPEGIKWKFLEH,POSITIVE
LVQLYAVVSEEPIYIV,POSITIVE
TTATGYDTADIIKNNT,POSITIVE
AKAYDTEVHNVWATHA,POSITIVE
ASPTGYDWRADWVKGF,POSITIVE
NYEKEPTPPTRTPDQA,POSITIVE
NVLATYHLYNSQDHGW,POSITIVE
ASSRILYHVPCKVCRD,POSITIVE
IWPSYKGRPGNFLQSR,POSITIVE
FLQIYKQGGFLGLSNI,POSITIVE
FLQIYKQGGFLGLSNI,POSITIVE
NHGNYSAQVGASQAAK,POSITIVE
HKWYSCGENSFMDFSF,POSITIVE
PSYVYSQFEKSYRHKR,POSITIVE
HYTDEDPEKEKRIKEL,POSITIVE
KSKAKDVEGIGDVDLV,POSITIVE
RPSGNAYTTRRYAACL,POSITIVE
TPVYYIPLEAVKFVDK,POSITIVE
QAASERYYLQPQGQQL,POSITIVE
EGTYYNSLGFNIKATN,POSITIVE
PNQVYYRPVDQYSNQN,POSITIVE
GFKVGDVLIREKLNEF,POSITIVE
YNCDWDPYHEKYDWDL,POSITIVE
CFQQACKGKIQALCEN,POSITIVE
STWFNSTWSTEGSNNT,POSITIVE
LYSLIFLLSVLGNTLV,NEGATIVE
WHTFLLLILFLIPGIV,NEGATIVE
IRSSSSTANLMAKKRV,NEGATIVE
FILLLSYTSSCVNPII,NEGATIVE
KDTELLKRFISERGKI,NEGATIVE
ISRQMFNKMYGEEALF,NEGATIVE
VSLGDYKDLTVEVEAT,NEGATIVE
VVIDFVGSVDGVEFEG,NEGATIVE
ELDDELAKDIDEEVET,NEGATIVE
KQYEADADKRVRTNLV,NEGATIVE
LKHDIAMKKAVEVIAT,NEGATIVE
PKSPNNGQEVFSPVTV,NEGATIVE
SSVAEKLAYAKDILGK,NEGATIVE
LGGGTGTGAAPVIAKT,NEGATIVE
EPSEITPEKSFVDDLD,NEGATIVE
RYSVKRFRKAQCPIVE,NEGATIVE
SSNSYAIKKKDEIERV,NEGATIVE
HKRPQHVQLNPFAKMP,NEGATIVE
DVWTEVEAQQYYPAIS,NEGATIVE
AVQRVCKHMPTEFKLG,NEGATIVE
HQQCVGQFLCTKEDFT,NEGATIVE
QHVPLVTDVSALVGKT,NEGATIVE
PKALRMVADSLIQRYV,NEGATIVE
IATGGTLLAAAQLVRR,NEGATIVE
QERPYDISETRFRVGF,NEGATIVE
TQNIVEEVQKMLDTYD,NEGATIVE
FILTEMDTNKDGTITV,NEGATIVE
DIETEALKDSEEDVVE,NEGATIVE
KDGRILKEDILNYLEK,NEGATIVE
LTELVKLREELKPIAF,NEGATIVE
KASHNIGIAMDTEQGL,NEGATIVE
KAIPRFNQKGEVYKAQ,NEGATIVE
APAAPVQAQAPQAVQP,NEGATIVE
ENTVVCIVEAMKLFIE,NEGATIVE
GDLIFSGETMTTEQMA,NEGATIVE
EAAEGISTGVSAKDRL,NEGATIVE
VLTKMRETAEAYLGGT,NEGATIVE
STNARALRRLRTACER,NEGATIVE
AAVQAAILSGDTSSKS,NEGATIVE
AEDEAETARIGAKNGL,NEGATIVE
KSEIDKVVAWLDDNQT,NEGATIVE
VQFGTQKITSELKEKI,NEGATIVE
QWAYDNILDIIAVGFN,NEGATIVE
VRATFGLDTSSNIGII,NEGATIVE
TDDPKTVERKIMKYAF,NEGATIVE
TGELKQILIEKLNDFL,NEGATIVE
GCYCGVGGKGTPKDAT,NEGATIVE
KGTSCENRICECDRAA,NEGATIVE
GIDTAAMGFIAPALAQ,NEGATIVE
MSMLVFGGFTLACAYS,NEGATIVE
RFLIVKGKNTKKVRQI,NEGATIVE
VTEFHVPEEKVEAGTK,NEGATIVE
LSNPTLLALFILCAGI,NEGATIVE
VRRKIMSWPLSKELRQ,NEGATIVE
VEFAEGTRGIALNLES,NEGATIVE
ESPAPSIISRRSVYEP,NEGATIVE
QGVICVYVAIGQRASS,NEGATIVE
AYRQMSLLLRRPPGRE,NEGATIVE
DGQIFLSADLFNAGIR,NEGATIVE
RRRRWRERQRQIRTIS,NEGATIVE
EDCGTSGTQGVGNPEI,NEGATIVE
AGQLEYSVPEETERGV,NEGATIVE
AQVTIIVVDTNDNAPV,NEGATIVE
TVSVADVNDNTPNFPQ,NEGATIVE
GAITAKTSFDFEQLRG,NEGATIVE
LSYHISRASDSSLFRI,NEGATIVE
LYLVIALACISFLFLG,NEGATIVE
AADLRNLATGVGLNLP,NEGATIVE
GPDQQWPTVSSATPEP,NEGATIVE
DFITFGKKEETKKKKK,NEGATIVE
AGESALDVVTEAVRLL,NEGATIVE
DACVMDGNTLKAGAVA,NEGATIVE
LPALGGSGGLIAIDHE,NEGATIVE
LAPFVDEVVVALPAGM,NEGATIVE
ADTLVRAEGQSWGQLV,NEGATIVE
PGDARLFKVTTPGDLA,NEGATIVE
AGSRAHARALGRAGLL,NEGATIVE
DELGGKLRAGRSRNDQ,NEGATIVE
SGRLIGDLTGLLATLK,NEGATIVE
YTSVSRPGRGEPRFIA,NEGATIVE
DVGSDGRFLRGYQQDA,NEGATIVE
YLENGKETLQLTDAPK,NEGATIVE
DTELVETRPAGDGTFQ,NEGATIVE
GSYSQAASSDSAQGSD,NEGATIVE
ESAVETVSGAVEQVKE,NEGATIVE
LTKSRDKMAKSLAGVF,NEGATIVE
RGALKEALYDLIKPLE,NEGATIVE
ERNNVTVISQTTGDSA,NEGATIVE
VNQVKAFDDALGLTGL,NEGATIVE
IAWFSMLHSGLLLLEA,NEGATIVE
LWISSLAASRITSLFL,NEGATIVE
ASFGFHGNIPSLIICY,NEGATIVE
CTMGNIPRESFKAIIS,NEGATIVE
FPNGFIYGIGGAGLCA,NEGATIVE
LSNYDMDSFLGQFPSD,NEGATIVE
ADNNSFDNVNSSKLTN,NEGATIVE
RAKSKLISRRQEEERQ,NEGATIVE
LYSYPREVSPSSGGYR,NEGATIVE
SCTLLVIGLWKRLRAS,NEGATIVE
MITSEGQGNCTDFTEG,NEGATIVE
DRVRRASPELGSVIRL,NEGATIVE
SRPVMHPNTQGINTEI,NEGATIVE
TMNAPSQQLSQVPFGD,NEGATIVE
GQDSNLIEKSSSGGVY,NEGATIVE
ALIYSYKKYENNIIVK,NEGATIVE
IDKVHDKLDYLSKQDV,NEGATIVE
TVLPARTLLLGWGPYA,NEGATIVE
MLGGRVKTLHPAVHAG,NEGATIVE
KEQHIDKVDFVVCNLY,NEGATIVE
NPHQRPAQAYITQQEE,NEGATIVE
KELSASLNLPAAASFK,NEGATIVE
VIAPGYEPEALNILSK,NEGATIVE
LTEQAVIDLTVATLVL,NEGATIVE
NAIDLFVTGQRIEGPE,NEGATIVE
ADSFDIVYVENPIRLF,NEGATIVE
HQAQDLQETYRDLSNG,NEGATIVE
QLYLEKQRLTEHMPEL,NEGATIVE
FTSIEVYQAYVDYNEM,NEGATIVE
AFEQKVEGTLMQPTFI,NEGATIVE
GRELANSFSELTDPID,NEGATIVE
TDSPSIRDVIAFPLLK,NEGATIVE
FLRCINFLEKPSEGAI,NEGATIVE
MEAPIQVLGLSKHDAR,NEGATIVE
DVLLFDEPTSALDPEL,NEGATIVE
KIGMELLASGEYFQVL,NEGATIVE
TEANTSNMHLLAVTVL,NEGATIVE
GADAIVVGRPIRMAED,NEGATIVE
IWPSVAPQSLQLWEGF,NEGATIVE
DGKVYFLLQVDYDGKK,NEGATIVE
GKKIRLTKIVVKDPLA,NEGATIVE
GKLTQLNPELKGEEIN,NEGATIVE
ISVALAGNDGSKIVLA,NEGATIVE
IKNLYYWEHRKRNWLI,NEGATIVE
TYKYVAYSGLKKNYFG,NEGATIVE
GYNLDDLAFRIMLSKP,NEGATIVE
VETLRTTFEQILKAFG,NEGATIVE
FPYTTQMTGPCYASSA,NEGATIVE
EYLVAGLEEINRTFDL,NEGATIVE
LCPKEIILAIDATLEG,NEGATIVE
PIGLSFDYVDSGTLAR,NEGATIVE
LGINGIIYNYKDGTVR,NEGATIVE
DAVLDYIIERDKKAKV,NEGATIVE
PIHLAHQLAFALAQKR,NEGATIVE
RSAAYAARYVAKNLVA,NEGATIVE
HFGRELEEFTWEKTNK,NEGATIVE
YDIFEKLIEKQLSFFW,NEGATIVE
NVALLPLISIPELETW,NEGATIVE
AFAERELMEGNAKIIR,NEGATIVE
ADDPEMAEIAEECKQE,NEGATIVE
LVGQIDSEVDTDDLSN,NEGATIVE
KYSANEDKALENAKNI,NEGATIVE
MASAEGGMEIEEVAAT,NEGATIVE
AHYRELSAEHPLEVEA,NEGATIVE
MTTLDVVNRAGAKPAN,NEGATIVE
PVRMRIAGTAEDEAKA,NEGATIVE
AAHPAIREALQERQQV,NEGATIVE
IDEVANKILSLAEQKI,NEGATIVE
NHNQNHNHSHNLNPKK,NEGATIVE
QMLGAEKQTLDYAAAA,NEGATIVE
SLSELELIHRNKTGAL,NEGATIVE
QEYVDNLLTGVSLANE,NEGATIVE
LVIMRGVKSSGKAAYF,NEGATIVE
GLAFISYPDAISKFQA,NEGATIVE
KYSELYFPEAANIAGW,NEGATIVE
KDTSKLGFFWRKVANF,NEGATIVE
YNSEFYDFAVSRIYYS,NEGATIVE
YDATIEIKKEEAEYLL,NEGATIVE
WAGRGGAAAPTAPNGT,NEGATIVE
LPDGRIGGAHADTRDS,NEGATIVE
RTSRQMKEISQAYYTA,NEGATIVE
QKDIEDSIKGELSGHF,NEGATIVE
VSRSEIDLLDIRREFK,NEGATIVE
RDSHGIPQVKSVTGSK,NEGATIVE
DLYHLIKKAVAIRKHL,NEGATIVE
LQYEFLIRAIWVSAFV,NEGATIVE
KSKTRLKEDAVIGIVF,NEGATIVE
HFDVSTGGMIVVILTT,NEGATIVE
SQAFAAPSPYSGMIVF,NEGATIVE
LSGVFNQSLLSQLGQI,NEGATIVE
LVHPTIAGQQLIADYA,NEGATIVE
GHLDYSDLKRTFALGV,NEGATIVE
YARVKVDGYDEKSGRS,NEGATIVE
NKENIYIPEMIFGHLL,NEGATIVE
VELYLKSLEKKRQLDN,NEGATIVE
KKKSVKSFQIKNNMFI,NEGATIVE
NEENALKKSDGTRKSR,NEGATIVE
PDYEKWREEESHKFTW,NEGATIVE
ADDRKEWLRQYEPGTV,NEGATIVE
RATGGKDAAAARYIYT,NEGATIVE
IKFIITLSPEEMAKTR,NEGATIVE
GSPNDEIAEQINDVKG,NEGATIVE
LLKQKQEKETELENLL,NEGATIVE
KAPTKIKKEKTPSVSE,NEGATIVE
AVKPKLAKKPVRKQQK,NEGATIVE
DEDDAIPQRSRRQRSS,NEGATIVE
RIILTGAGTSAFIGDI,NEGATIVE
LLISFGRSGNSPESVA,NEGATIVE
PETINSQTFRDVADRC,NEGATIVE
FCFLMYAQTFALMQSL,NEGATIVE
QTQQLHAAMADTFLEH,NEGATIVE
GSGTAEVELKKGATMR,NEGATIVE
SMIKKPRPTRAEGSDV,NEGATIVE
HLYRGIFPVLYREAVH,NEGATIVE
LEGVKVDRAFSDKASG,NEGATIVE
EFERALIRERQREGIA,NEGATIVE
KLAREFGISRETLYQY,NEGATIVE
LGLAYRKNADRDEDKA,NEGATIVE
QGRYGCCRFLRDGYKT,NEGATIVE
QVQEYREALDAVLIKG,NEGATIVE
VQVSILAETEEIKAIL,NEGATIVE
DIRKTIFTFTPQFIDQ,NEGATIVE
ILAALRKMQDGYFGGA,NEGATIVE
HTVPHPKLAPTSRKGG,NEGATIVE
PSVHVEVHLPRDQSGE,NEGATIVE
GEIRHWGLIRYISGIL,NEGATIVE
MYMRTQPGLFAEMFRL,NEGATIVE
RLSVSMESQTSGGHPS,NEGATIVE
KCHGLSVEGFVLPSST,NEGATIVE
ILVLTMLADIEIHSIG,NEGATIVE
RTKADLAAAETLRTDP,NEGATIVE
AIFAGNLFRMYTRYAE,NEGATIVE
VQRVPATESQGRIHTS,NEGATIVE
QLIESQRSQQATAEAM,NEGATIVE
MHLHAVRYIRVRLQRM,NEGATIVE
PALKQYQRDFELVWRN,NEGATIVE
VWLEIYWPTRNTLSVS,NEGATIVE
QIYKHVLKLDKAQPWD,NEGATIVE
TGAYSISNVKGLDHYF,NEGATIVE
TTRQLMFSQFEQDTLK,NEGATIVE
ANADAITKKLKQTKYQ,NEGATIVE
LLGIDLTQPEPWQEAH,NEGATIVE
RNVLAKQLGSSNPLNN,NEGATIVE
ARPHSDFCLGCAAAPP,NEGATIVE
GALSLVLVLALVSSFL,NEGATIVE
RVAAETLVNTGLCVLA,NEGATIVE
IAQGVNEGEGIDLNQG,NEGATIVE
SELLTDETKYLINPTG,NEGATIVE
RPKGIVQMLDLLRPIY,NEGATIVE
LLFTTSSASEKEENRS,NEGATIVE
PRYLDGSLQAASERYY,NEGATIVE
GSMLPPAGFSPPVCPS,NEGATIVE
KLTNNKGANNNSTQMI,NEGATIVE
GFRDNYDSMYTASESD,NEGATIVE
FVTPVQQAAANKLDMG,NEGATIVE
GWGSRGSTYQRKMTTS,NEGATIVE
SPSTSSNENSPPIKCE,NEGATIVE
VAYGSAFAQALLIGYH,NEGATIVE
IFVLLPLGLLGTKGLK,NEGATIVE
PAQQALDMLLDVAEAL,NEGATIVE
DQVAKWSARYIVDRIN,NEGATIVE
VEGSINHLWTVTALQM,NEGATIVE
KVKTVKYFTELEASAI,NEGATIVE
VVVVMPEVSWQLGKSL,NEGATIVE
AQWKAQVRSLFSLFLS,NEGATIVE
ERVRNHIMHLEEHLFC,NEGATIVE
GINCHQGKPLPMEFEA,NEGATIVE
TRAFITHAGSHGVYES,NEGATIVE
LDVIGFLLAVVLTVAF,NEGATIVE
GKVLPREYLKEAWEFT,NEGATIVE
RDYIKRAIRWRKMTGG,NEGATIVE
MAEQLREAGADVMRQD,NEGATIVE
GTHTYSHWPSCCPSKG,NEGATIVE
LYHARCLCPHCVSLQT,NEGATIVE
TVKDLDVTGKRVFIRV,NEGATIVE
VTDKEGIPSGWQGLDN,NEGATIVE
TVAKKYGVVDKISHVS,NEGATIVE
FSIWPDVAKMNAFARG,NEGATIVE
ITYRAVAPHRTAFMSM,NEGATIVE
LFPPHTTPKAELSNHT,NEGATIVE
MVEMIDAQGNPDGQCA,NEGATIVE
PAAEPPPAEGLLRPAG,NEGATIVE
IDSVIVVDNVPQVGPD,NEGATIVE
VSIEERARWTETYVRW,NEGATIVE
MQLPTRQEIRVRNLFN,NEGATIVE
GEAPRISVSFYHVKNN,NEGATIVE
KVDNAYWLWTFQGRLL,NEGATIVE
ASKELVERRRTMMEDF,NEGATIVE
SRAALLYSDDKLERNC,NEGATIVE
VHRHGMTSGDYAFFNI,NEGATIVE
MEVKSSVEKQGLNEED,NEGATIVE
FSVVAMTDTEAGTQEV,NEGATIVE
GKHRELREDSIRSHFS,NEGATIVE
AAPASGSGKTTVTLGL,NEGATIVE
LQTIWLRPKRYDAMAN,NEGATIVE
GKTLEDAAGVHHPMLG,NEGATIVE
DLPTSASSSMPLQRRR,NEGATIVE
ATVPAPGLERDHGAVE,NEGATIVE
ENEQPFRKAAEEEINS,NEGATIVE
AGCELEQMDAPIGTGL,NEGATIVE
AEAEQQQQERAHLLAR,NEGATIVE
ISYGEVLVRIKACGVC,NEGATIVE
SVDGGYAEYCRAAADY,NEGATIVE
VVNPLKEDAAKFMKEK,NEGATIVE
FDTVLNGIKIIGSIVG,NEGATIVE
THIGNEMLAKGVVHDT,NEGATIVE
TLITLPETQLKEYFTK,NEGATIVE
NSPLYDEILAHRLAMI,NEGATIVE
ECKENCDGCYARVYLD,NEGATIVE
AVENKYILEIESVGSL,NEGATIVE
EAGKSLLRKLNQLKKL,NEGATIVE
TGMRFLLASFFLIFLC,NEGATIVE
LVLAIIFLSIILFKEI,NEGATIVE
FSNISILATFYLSYFS,NEGATIVE
ACRRRGLIVLTDRYPQ,NEGATIVE
DHKRESLARKIAITPQ,NEGATIVE
TVWQALDESQVGWHTA,NEGATIVE
LHTGFDPVTRGLLPED,NEGATIVE
EGQRYYLPIRTWNGSA,NEGATIVE
TKYTAQHHQGVINAII,NEGATIVE
SALQENSDGVKNSYRV,NEGATIVE
GTQMMFILPDSDPVVA,NEGATIVE
SSTNNTPAADSGGNKR,NEGATIVE
ANAKELILDTDGAKIS,NEGATIVE
MVIEAIKKEADYKLKL,NEGATIVE
NLLNLNCELIPLKEDF,NEGATIVE
GFAMGSPELIEGLSRV,NEGATIVE
QYRALYPFRRERPEDL,NEGATIVE
RGPRPLPARPRDGPPE,NEGATIVE
ALPPKPPKTKPAPTGL,NEGATIVE
GAQLKVYHQQYQDKSR,NEGATIVE
ERFRREGNEKEMQRIL,NEGATIVE
INRTQAEEMLSGKRDG,NEGATIVE
KNLKSVLLLKHSLKVL,NEGATIVE
NLEIAIDNLSVDDEMY,NEGATIVE
VDTQEKILYDTKSVYK,NEGATIVE
AFRSIAHKNYSLNNSN,NEGATIVE
SYKYRNIKINTITTFI,NEGATIVE
KPIIKPSSMATNSCLI,NEGATIVE
AGESDEVEADEEEEEF,NEGATIVE
VTMASEAEMSDAIANL,NEGATIVE
YHYIVPEWDNVEPKVE,NEGATIVE
ALYAGIIDGRNVWAAD,NEGATIVE
PVSLDDETLDESIAEG,NEGATIVE
WIKIQEDIGLDVLVHG,NEGATIVE
KPVKGMLTGPVTILNW,NEGATIVE
LEEAGIKVIQVDEPAL,NEGATIVE
RSLQQIDRSLFWVNPD,NEGATIVE
LTVLLPSLSFNKIVAN,NEGATIVE
NISDLPIAYLQSMDQG,NEGATIVE
NKYTARDSLTEAIGTK,NEGATIVE
ARNTIACTQSEESQAT,NEGATIVE
KNCLRPCSMAVIIALT,NEGATIVE
NAPPLSFFMDFTGYVG,NEGATIVE
GKALGVAVGSYFTACI,NEGATIVE
ILINTLEPCVNEITFD,NEGATIVE
LRGAQTSAEHIKPDVV,NEGATIVE
KRYFPNQKLVAALKSC,NEGATIVE
LLTLIRGFLTTLTAEK,NEGATIVE
GRFSVAPMLDWTDRHC,NEGATIVE
MGNAQLVADCVKAMRD,NEGATIVE
MSINGGIKSLEEAKAH,NEGATIVE
LTEKKLNIIQPILPIL,NEGATIVE
SDDLAIKMEDLTLAEL,NEGATIVE
NQIKVQIESSTSDYDK,NEGATIVE
TPRHIYAQVIAPNGSE,NEGATIVE
IKDVSFDRSGFQYHGR,NEGATIVE
RYVDKPAYTRREYIRG,NEGATIVE
LKKDQKVLSIRVNRQH,NEGATIVE
IPHITDEIKRRIREIA,NEGATIVE
KKISLFTNVPEEAVIS,NEGATIVE
GTKLLEGVDGIIVPGG,NEGATIVE
VYERHRHRWEVNPDYI,NEGATIVE
MYGCDVGPDGRLLRGH,NEGATIVE
HVTHHPVSDHEATLRC,NEGATIVE
QHEGLPKPLTLRWEPS,NEGATIVE
EFLSNTQLDALSKMVS,NEGATIVE
GIEKMKDSAIAIANDP,NEGATIVE
LLSRTSDQYVSLNDRT,NEGATIVE
TTTYQSTIHSEVIQAV,NEGATIVE
LYKVQIGAFKVKANAD,NEGATIVE
LPLLDLNNQSVGIEGG,NEGATIVE
GIFAQNRPEWIISELA,NEGATIVE
LKVIILMDPFDDDLKQ,NEGATIVE
PPSPEDLSVICFTSGT,NEGATIVE
GDIRLLADDMKTLKPT,NEGATIVE
GAAPMSTSVMTFFRAA,NEGATIVE
KGYLKDPEKTQEALDS,NEGATIVE
PEPFSIENGLLTPTLK,NEGATIVE
GREDKRLLPLIHALES,NEGATIVE
DAAGVHAVIVPKDRSA,NEGATIVE
ADHTLYQSKMTGRLAL,NEGATIVE
FDRKLYAQDIQGSLAH,NEGATIVE
AQPVTFGHHCMAYVEM,NEGATIVE
AEEIVIWSTPQFNFVR,NEGATIVE
WLVRTLGLPFREAHHV,NEGATIVE
GGTAPQEVRRQIRYWK,NEGATIVE
YVIDAVKCTECEGHFD,NEGATIVE
AATASSGNSCAADDKA,NEGATIVE
RDILIVVGNEIIEAPM,NEGATIVE
GAKWTTAPKPTMADEL,NEGATIVE
LSNPDRPCHQIDLFKK,NEGATIVE
GQHGYGADRVDVYGNP,NEGATIVE
HDIEGNRLFYLISEDM,NEGATIVE
DFVVFYPGEVHKPLCA,NEGATIVE
AMRDMAGRFEVHAQTV,NEGATIVE
KKKKKKKKGTLRTGEV,NEGATIVE
DTGSQQGYFLAGRSLK,NEGATIVE
LIFLPRYLKRGIATIP,NEGATIVE
RAMAVADSINGIGLVI,NEGATIVE
ASKSLAEGQKGALLTA,NEGATIVE
FGAVISTFNGFLNSAS,NEGATIVE
FAVDMKPWKNVKIASI,NEGATIVE
ALVPEENDKVTVIALR,NEGATIVE
NALFVGGIRPHYYCLP,NEGATIVE
ANALDKLEGFASLHGP,NEGATIVE
PSLHPSLGPGLGSPLG,NEGATIVE
SPQLNSPMNPVSSSED,NEGATIVE
VRKDLTYTCRDNKDCL,NEGATIVE
GLNPSSPNDPVTNICQ,NEGATIVE
AIFDRVLTELVSKMRD,NEGATIVE
HLFFFKLIGDTPIDTF,NEGATIVE
PKTPVLSGIDDIGPNQ,NEGATIVE
HGAAIRAQAAALETTH,NEGATIVE
ERLGDVTYDSFPDGEQ,NEGATIVE
SVRDAYGTGVTDHFQK,NEGATIVE
VYGTDTIECAVSEVSA,NEGATIVE
EDLADQTRSITAAFLA,NEGATIVE
LLAYPSLMAADILLYR,NEGATIVE
PVIGGPAARIMSLRDG,NEGATIVE
ADVLKEFGGQQFSVFK,NEGATIVE
VLRDGGERAGVLAETT,NEGATIVE
IKESSAEEVTSRYLEV,NEGATIVE
LERVPGGSSGGSAAVV,NEGATIVE
NSLEQVGPLANNVEDI,NEGATIVE
YALSAGYHDKYYLKAL,NEGATIVE
GLPIGLQIMGKPFDEE,NEGATIVE
PQAEDQDVAIYVKEHE,NEGATIVE
YNVTQATVSRDIKELH,NEGATIVE
VLKTMPGNAQAIGALM,NEGATIVE
EHDWTESSHASAALSY,NEGATIVE
TGVIDPLTGAPKSASK,NEGATIVE
SAAGLALGGKHPVVAI,NEGATIVE
IVPGVQVAAPRDEDSL,NEGATIVE
PRRQIAVPQKYLDHAS,NEGATIVE
GPQGAPGFPGVTIPGQ,NEGATIVE
KKGNSGFPGPPGPPGQ,NEGATIVE
EKGNKGCKGEQGPPGS,NEGATIVE
SCPEGTEPLYSGFSLL,NEGATIVE
APITGRALEPYISRCT,NEGATIVE
LEEFRASPFIECHGRG,NEGATIVE
LLDSKTIQGELGWISY,NEGATIVE
FKKCPFTVKNLAMFPD,NEGATIVE
IKQCEPCSPNVRFLPR,NEGATIVE
SELSSPPRQFAAVSIT,NEGATIVE
TILRARGTNVTISSLK,NEGATIVE
DPTQAVHEFAKELDAT,NEGATIVE
VMIVTEYMENGSLDSF,NEGATIVE
KYLSDMGYVHRDLAAR,NEGATIVE
KDRNNRPKFEQIVSIL,NEGATIVE
KIITSAAARPSNLLLD,NEGATIVE
VYATERTEEMSQLRQW,NEGATIVE
ISKVEDRMVTEFPLTV,NEGATIVE
MRTDIGRHNALDKLYG,NEGATIVE
RDTGLYIDITIPATFR,NEGATIVE
ECDKAVAICLRENLQT,NEGATIVE
IVIGSGSVGSAAGYYA,NEGATIVE
TFLQNVQRSAQQYDLP,NEGATIVE
DVVTIDGTYSATKVVV,NEGATIVE
ESAAQRKPFGRYAEDG,NEGATIVE
GKTSLMNQYVHKKFSQ,NEGATIVE
VVSEKKAKDWCASKGN,NEGATIVE
QNVDVQLENQMVLVQT,NEGATIVE
NSCGDHFNPDGASHGG,NEGATIVE
GNVRAEAGGRATFRIE,NEGATIVE
GVFAGLEDGFPAGRYH,NEGATIVE
ITVIAEELSGNDDYVE,NEGATIVE
SVNSLCSGDPDRRLKC,NEGATIVE
YIMGGCQIQFTVAIDF,NEGATIVE
YIHPYQPNEYLKALVA,NEGATIVE
LTDGVITDMADTREAI,NEGATIVE
GIKPKCSSEMYESSRT,NEGATIVE
SLWARLSVGVTEPRAC,NEGATIVE
ASENSGTRSRAWLAVA,NEGATIVE
VRLLSGDTYEAVVTAV,NEGATIVE
RDLGLPQTNVEYIQTD,NEGATIVE
QNAEDVYEAVRTQSQL,NEGATIVE
LESPEHCSPHHTALRQ,NEGATIVE
RRSQSPRRRRSQSRES,NEGATIVE
ESITDQSYNGQILTFT,NEGATIVE
AEEILHLNPDGVMLSN,NEGATIVE
AVRRSTRIRTKSQVIE,NEGATIVE
SASNTSSKRQKKKPTS,NEGATIVE
QEFINLLLNCCGSVAR,NEGATIVE
KLESTIAETQGSKVVI,NEGATIVE
LEVAIRDVNLDVRIHS,NEGATIVE
PKEVDGLEVGPVVQVG,NEGATIVE
LISDTESNELIQKLQN,NEGATIVE
STILYLNVFHGLCAGA,NEGATIVE
EKFLNQIATLKIHLKK,NEGATIVE
LLQLFLNNFVSRIPIM,NEGATIVE
QLERVADEDANLNDLP,NEGATIVE
NIQKAKSNQTQREKAP,NEGATIVE
NSELAPIEEHPTVVDA,NEGATIVE
QTVDYPSFKLVIVGDG,NEGATIVE
TWHRDLCRVCENIPIV,NEGATIVE
VETPALAPPEVHIDIA,NEGATIVE
DSVTDSQKRREILSRR,NEGATIVE
LIVSGVNRGPNMGMDI,NEGATIVE
VREGYVSITPIHPFLT,NEGATIVE
LFDVDYNLLPDNRSKE,NEGATIVE
LSMINYARNCGYEGIY,NEGATIVE
HIVEYECQYTDQLYKK,NEGATIVE
LSTNVVNESNRPSIRS,NEGATIVE
LLAGLMWGLIFVGPLI,NEGATIVE
NPDKHPMMWATAQALV,NEGATIVE
QYHQIVLILLLNILFY,NEGATIVE
LSRVKGMVIFPQQWNR,NEGATIVE
DTVGIIARVCTYLSQH,NEGATIVE
FLATSRNKMFLYKILD,NEGATIVE
HREVTPDQKLLSRRLL,NEGATIVE
LFGVSRAVQEFGLARF,NEGATIVE
KAKETALAATEKAKDL,NEGATIVE
NARALEADSILRACVH,NEGATIVE
GLRQVVPRPAVFRALT,NEGATIVE
ASGCGAFVKEYGQMLK,NEGATIVE
LRLGFTLTDVPDSHLC,NEGATIVE
HINFVQAFAVEMVITA,NEGATIVE
GPKVFAWLAGWGNVAF,NEGATIVE
RHLPCDICVVEEKETT,NEGATIVE
PKAPSSCTVLKADSST,NEGATIVE
VVFSDGDGFTAWKTTI,NEGATIVE
SILHNEFGTGHGMSIG,NEGATIVE
ENAKKPIEVTMKNVKL,NEGATIVE
VSTGDNLHECDSQGPS,NEGATIVE
ECGKVFNRRSHLLCYR,NEGATIVE
TYHSVFFRHSMTHTAG,NEGATIVE
RKAFGYHSAFAQQSKI,NEGATIVE
TKQLMMPLNKAGHKWA,NEGATIVE
NLTAGHLLIQLISTAT,NEGATIVE
NTCPADILNKMEQNTL,NEGATIVE
DFIPVDAVDPLGPAVI,NEGATIVE
RHQYSNPAFEVSITSN,NEGATIVE
YNRRRYQQVQVTDPVF,NEGATIVE
KPAYHRGPSGHVRVSR,NEGATIVE
VGVLVMPLAIVVSLGI,NEGATIVE
IFTHASIMSLLAIAVD,NEGATIVE
EFFQRSGYVVEKEGEK,NEGATIVE
VGFAKRGGVFEDFALK,NEGATIVE
RSAVLVNMISNGEASS,NEGATIVE
DGANAWNNVLVFVDND,NEGATIVE
EGELWTVVRKKEKVYE,NEGATIVE
LTNEFLYKPFLEKFND,NEGATIVE
MFSVKAMELILNGYMQ,NEGATIVE
EKSFSLYKDRECLLPM,NEGATIVE
SGSQANRPTLRPLPIL,NEGATIVE
KIRFYCWDTAGQEKFG,NEGATIVE
GQCAIIMFDVTARLTY,NEGATIVE
SILCLPDDASKEAVSM,NEGATIVE
GCYPTGAIGLIRPLRA,NEGATIVE
ANNFLYGLTLKHKHVP,NEGATIVE
YDITKKEGVESLLSEI,NEGATIVE
MGAMITDHGPDIGDMA,NEGATIVE
ESLLEADKTGFASLQQ,NEGATIVE
EADYTAQVGDKLSCSK,NEGATIVE
DATFVHTNPGLCDGCL,NEGATIVE
NNFRFTHTNDPVPKLP,NEGATIVE
HIWYFVQVDAGKGPGL,NEGATIVE
QRNPNFDFDKLKEKEK,NEGATIVE
IDKQPKAKKEAKFIEL,NEGATIVE
FGYHIIYLISKDSPVT,NEGATIVE
IDFCGGWGALIHGHSH,NEGATIVE
GTSYGLTSEEEILFAT,NEGATIVE
QAGTMSGNFLAMATGH,NEGATIVE
PTNFDEAKNSDVEKFQ,NEGATIVE
SSAHTEENLTYAQNII,NEGATIVE
ISQAPGVVQLVLNFLQ,NEGATIVE
GTNGQALNQGIIVDMS,NEGATIVE
AFITEARLDITRLPKV,NEGATIVE
LCARLDELIASHQAGV,NEGATIVE
ALLDSHGLSYGMFGHV,NEGATIVE
DPHNRLNPGKICPPEG,NEGATIVE
LACKACSTQCPIKIDV,NEGATIVE
QQQMVGHRSANMTLEQ,NEGATIVE
SPNGKAQHIKGFLNRF,NEGATIVE
KLENVSVGCCGMAGTY,NEGATIVE
VKRVEGTGVRHPVQAL,NEGATIVE
AIHNDLKPFGATINNT,NEGATIVE
VDGENIKLKTAIQNTG,NEGATIVE
NGNILAKVAAPESLAV,NEGATIVE
KSTKQQEATQPDDVIR,NEGATIVE
YPIPTGFESNSAVVGK,NEGATIVE
QVFAAFKDYLKAYLDF,NEGATIVE
ITSKNCMYLFILSIRR,NEGATIVE
ELKQLLWRLENEIRET,NEGATIVE
QLGFQDAASPIMEELL,NEGATIVE
QWYWSYEYTDYEDLSF,NEGATIVE
VPSLGVKTDAIPGRLN,NEGATIVE
GPPFKPLSKCHALMTL,NEGATIVE
MLAQVAVSNPNNLYTI,NEGATIVE
QTTCESEIHKYGASVS,NEGATIVE
FMKTNGNRLKPRDFKT,NEGATIVE
VTAYVKIYDECGNIKQ,NEGATIVE
ILLLLVYIARQKRFEQ,NEGATIVE
KENEPFEVAIRRFRRA,NEGATIVE
KVNGFMGFRSYYSPLF,NEGATIVE
VRFPNGTHDLERTALP,NEGATIVE
MIWFNKRPHRQQGHAV,NEGATIVE
GYSAQFETLLDSILEN,NEGATIVE
SLLNFVNGMLVTLPSS,NEGATIVE
PMMSPVHIVPEWYFLF,NEGATIVE
IEPYDHGMLDVGDGNH,NEGATIVE
GIERWLVWGVSWGSVL,NEGATIVE
RLLESPDPAVRERAAR,NEGATIVE
GRAFCSGQDLGDGAAE,NEGATIVE
QAIYSCPLPVLAAVNG,NEGATIVE
GLSNPLPAQLALEARL,NEGATIVE
PESAALSGPGSGLCCW,NEGATIVE
QLSMDCPCDLTDGLKV,NEGATIVE
SVGSIFVSAAFQFSYT,NEGATIVE
HPQKWPLLAGYALGVG,NEGATIVE
SLSLLPFEDPVCARSG,NEGATIVE
GEDGKFRCPVTFRTFT,NEGATIVE
EKFNMEQFLHVKLDLK,NEGATIVE
AAGFTSTVMAPVTSNK,NEGATIVE
GSNTNGSQFFITFRPC,NEGATIVE
PFEEAEKEVQAERAEI,NEGATIVE
AAAVNKRQGKMEDVPL,NEGATIVE
YEIGKPAPSQSYLRID,NEGATIVE
KLMKKAGVPVIPGTDQ,NEGATIVE
IHLADRECSIQRRHQK,NEGATIVE
VITGVDLVKEQIRVAS,NEGATIVE
AIECRINAENPLADFA,NEGATIVE
PFHKAIMRNEAFRRGE,NEGATIVE
DIGSLYKQTTMFTYDP,NEGATIVE
VHEQMSRFFTGFRRDA,NEGATIVE
MCFAVPCEEYVVNPVL,NEGATIVE
LGHKDDPLLEVAMELE,NEGATIVE
PRQLYVGAPLRDYVPI,NEGATIVE
QLNNRANSFTQLAQNQ,NEGATIVE
SEYSNVPYQYVRSTLK,NEGATIVE
NDVPFGFDQNLQGAPI,NEGATIVE
HDGRTRIAIICVDHSL,NEGATIVE
SDELVVPLKYCKNNLE,NEGATIVE
DSFYKTFTIECNKLQI,NEGATIVE
VEDKVLNCASYREYLQ,NEGATIVE
DAEAMARARERQAQLT,NEGATIVE
EHPALTRAARRRGTRN,NEGATIVE
EFGGFEIAAMLGMMLA,NEGATIVE
AATLREMRTFEEAAVP,NEGATIVE
WTYAGNVADAHVLAAQ,NEGATIVE
RTVWKADGHIDKHVIV,NEGATIVE
WFFNFLLAWFFLFIVV,NEGATIVE
IKKPIRSTVLSLDWHP,NEGATIVE
IKEVEERPAPTPWGSK,NEGATIVE
RGLTARERFQNLDKKA,NEGATIVE
KCSQFCTTGMDGGMSI,NEGATIVE
MIEPNGHFCSDCAIRT,NEGATIVE
RHNFSADAIGAVTVCQ,NEGATIVE
LTIETVSRTFTKLERH,NEGATIVE
MKSNVKKIRSLYHEKV,NEGATIVE
ALIENTHLDANQIVRK,NEGATIVE
QTHFVEHSVVKILSST,NEGATIVE
GVEVIFEEDDFNFTDY,NEGATIVE
YKKLLIESEKIYKTIN,NEGATIVE
LSNPNEIKKARRNIAR,NEGATIVE
YDLAKKAKERGWPIQN,NEGATIVE
ESQEMYAYADKFDETL,NEGATIVE
INALIAGFDGTDIGPV,NEGATIVE
LVAEAAHFSRMAVTAK,NEGATIVE
VAAGKAGVLDSQRAAG,NEGATIVE
GMNLPESVAEVAAEVG,NEGATIVE
SVWYSLNGERLGTLDG,NEGATIVE
VATWKSPVPVKRVEFS,NEGATIVE
HEKSISDMQFSPDLTY,NEGATIVE
EAKDVTTTSANEGKFE,NEGATIVE
LRTSAARHLTVEKRHV,NEGATIVE
NAETLLLTFLPFHETK,NEGATIVE
MPFIENGIKSPMKSFR,NEGATIVE
IETIEDASILTGDQAG,NEGATIVE
KQFDAIHAELKAKDKK,NEGATIVE
KVEWALNEMAQRGEKY,NEGATIVE
ALFAVVKQVNSKSDVE,NEGATIVE
SIVEKTVESLFSTIIN,NEGATIVE
IPAHRRARIAQAIARA,NEGATIVE
FRYVVVTLISRIFSNR,NEGATIVE
VAARLIADVLQECVND,NEGATIVE
SAYTLKLIAKNLPSQS,NEGATIVE
ESTGDVIIRYCRLIAR,NEGATIVE
ALFNLLTGYIETQHQQ,NEGATIVE
SDVITPTLIVRSQERQ,NEGATIVE
LLNKIMLKTRDSRAKI,NEGATIVE
KGFLTVDEIRRVTRAF,NEGATIVE
AAVRENDAIRQIAVTT,NEGATIVE
TCNRLRVSSIGKLHLC,NEGATIVE
VEDAINNMKDGDVVVL,NEGATIVE
FAKELLEKAGDKLVLP,NEGATIVE
ATTIVGGGDSTAAAKQ,NEGATIVE
KKPTEGEVVAVGEGAY,NEGATIVE
AVGKTCLLISYTTNAF,NEGATIVE
QLLFLEKSGVSAIEIG,NEGATIVE
GLIIPDLPYEHQKLIT,NEGATIVE
TRVTAKSQQSGEKAFR,NEGATIVE
RSHTGDRPYQCEHAGC,NEGATIVE
FTTSNIRKVHVRTHTG,NEGATIVE
VLKGSQITYVTGVEGD,NEGATIVE
HDAVISSAGTHSVAMV,NEGATIVE
QDRLIIVEKFSVEAPK,NEGATIVE
LLRMSLLLIQSWFEPV,NEGATIVE
YRKFDVNSQNNDALLK,NEGATIVE
FPDHVQYTHYSDQIDN,NEGATIVE